{
  "beachBiomeLocation": "minecraft:beaches",
  "generators": {
    "cattail": {
      "with": {
        "block": "biomesoplenty:plant_1",
        "properties": {
          "variant": "cattail"
        }
      },
      "generationAttempts": 32,
      "amountPerChunk": 6.0,
      "enable": true
    },
    "oases": {},
    "trees": {
      "amountPerChunk": 0.5,
      "enable": true,
      "generators": {}
    },
    "poison_ivy": {},
    "tanzanite": {},
    "flower_lily": {
      "with": {
        "block": "biomesoplenty:waterlily",
        "properties": {
          "variant": "flower"
        }
      },
      "generationAttempts": 32,
      "amountPerChunk": 0.3,
      "enable": true
    },
    "big_brown_mushroom": {},
    "blood_pools": {},
    "fire": {},
    "sprouts": {},
    "sapphire": {},
    "glowshrooms": {
      "with": {
        "block": "biomesoplenty:mushroom",
        "properties": {
          "variant": "glowshroom"
        }
      },
      "generationAttempts": 64,
      "amountPerChunk": 1.5,
      "enable": true
    },
    "flowers": {
      "amountPerChunk": 0.6,
      "enable": true,
      "generators": {}
    },
    "clover_patches": {},
    "gravel": {},
    "magma_splatter": {},
    "lava_flows": {},
    "stone_splatter": {},
    "hive": {},
    "hot_springs": {},
    "medium_lily": {
      "with": {
        "block": "biomesoplenty:waterlily",
        "properties": {
          "variant": "medium"
        }
      },
      "generationAttempts": 32,
      "amountPerChunk": 0.1,
      "enable": true
    },
    "brown_mushrooms": {},
    "poison_lakes": {},
    "big_red_mushroom": {},
    "algae": {
      "with": {
        "block": "biomesoplenty:coral",
        "properties": {
          "level": "15",
          "variant": "algae"
        }
      },
      "generationAttempts": 32,
      "amountPerChunk": 10.0,
      "enable": true
    },
    "stone_formations": {},
    "small_lily": {
      "with": {
        "block": "biomesoplenty:waterlily",
        "properties": {
          "variant": "small"
        }
      },
      "generationAttempts": 32,
      "amountPerChunk": 0.1,
      "enable": true
    },
    "wild_rice": {},
    "flax": {},
    "tiny_cacti": {},
    "dead_bushes": {},
    "ice_pools": {},
    "rafflesia": {},
    "grass": {
      "amountPerChunk": 0.2,
      "enable": true,
      "generators": {}
    },
    "peridot": {},
    "desert_sprouts": {},
    "double_cattail": {
      "with": {
        "block": "biomesoplenty:double_plant",
        "properties": {
          "half": "lower",
          "variant": "tall_cattail"
        }
      },
      "generationAttempts": 32,
      "amountPerChunk": 8.0,
      "enable": true,
      "withTop": {
        "block": "biomesoplenty:double_plant",
        "properties": {
          "half": "upper",
          "variant": "tall_cattail"
        }
      }
    },
    "cacti": {},
    "leaves_clusters": {},
    "crystals": {},
    "dunegrass": {},
    "hard_ice_splatter": {},
    "emeralds": {},
    "eyebulbs": {},
    "double_fern": {},
    "snow_splatter": {},
    "quicksand": {},
    "amber": {},
    "cobblestone_splatter": {},
    "malachite": {
      "enable": true
    },
    "kelp": {},
    "water_reeds": {
      "with": {
        "block": "biomesoplenty:plant_1",
        "properties": {
          "variant": "reed"
        }
      },
      "generationAttempts": 32,
      "amountPerChunk": 0.3,
      "enable": true
    },
    "stone_patches": {},
    "blue_coral": {},
    "bushes": {},
    "ice_crystals": {},
    "mud_patches": {},
    "thorns": {},
    "dead_leaf_piles": {},
    "shrubs": {},
    "glowstone_crystals": {},
    "glowing_coral": {},
    "lava_lakes": {},
    "portobellos": {},
    "vinesState": {},
    "koru": {
      "with": {
        "block": "biomesoplenty:plant_0",
        "properties": {
          "variant": "koru"
        }
      },
      "generationAttempts": 32,
      "amountPerChunk": 1.2,
      "enable": true
    },
    "grass_splatter": {},
    "blue_milk_caps": {},
    "tiny_lily": {
      "with": {
        "block": "biomesoplenty:waterlily",
        "properties": {
          "variant": "tiny"
        }
      },
      "generationAttempts": 32,
      "amountPerChunk": 0.2,
      "enable": true
    },
    "red_mushrooms": {},
    "lavender": {},
    "flat_mushroom": {},
    "roots": {
      "with": {
        "block": "biomesoplenty:plant_1",
        "properties": {
          "variant": "root"
        }
      },
      "generationAttempts": 32,
      "amountPerChunk": 4.0,
      "enable": true
    },
    "biome_essence": {},
    "orange_coral": {},
    "toadstools": {
      "with": {
        "block": "biomesoplenty:mushroom",
        "properties": {
          "variant": "toadstool"
        }
      },
      "generationAttempts": 16,
      "amountPerChunk": 0.4,
      "enable": true
    },
    "sacred_oak_trees": {},
    "sand": {},
    "mud": {
      "with": {
        "block": "biomesoplenty:mud",
        "properties": {
          "variant": "mud"
        }
      },
      "maxRadius": 7,
      "amountPerChunk": 8.0,
      "enable": true
    },
    "river_cane": {},
    "amethyst": {},
    "kelp_tall": {},
    "overgrown_stone_patches": {},
    "topaz": {},
    "bromeliad": {},
    "glowshrooms_surface": {},
    "pink_coral": {},
    "lakes": {},
    "leaf_piles": {},
    "melons": {},
    "miners_delight": {
      "with": {
        "block": "biomesoplenty:flower_1",
        "properties": {
          "variant": "miners_delight"
        }
      },
      "generationAttempts": 64,
      "amountPerChunk": 0.25,
      "enable": true
    },
    "large_oak": {},
    "boulders": {},
    "ivy": {},
    "ruby": {},
    "netherrack_splatter": {},
    "dead_grass": {},
    "sugar_cane": {},
    "berry_bushes": {},
    "lily": {},
    "desertgrass": {}
  }
}