{
  "enableRain": true,
  "canGenerateRivers": false,
  "beachBiomeLocation": "biomesoplenty:gravel_beach",
  "rainfall": 0.9,
  "skyColor": -1,
  "guiColour": 14193503,
  "fogDensity": 1.0,
  "hasBiomeEssence": true,
  "variationBelow": 7.0,
  "variationAbove": 10.0,
  "waterColor": 16777215,
  "seaFloorBlock": {
    "block": "minecraft:dirt",
    "properties": {
      "snowy": "false",
      "variant": "dirt"
    }
  },
  "fillerBlock": {
    "block": "biomesoplenty:dirt",
    "properties": {
      "coarse": "false",
      "variant": "loamy"
    }
  },
  "averageHeight": 64.0,
  "topBlock": {
    "block": "biomesoplenty:grass",
    "properties": {
      "snowy": "false",
      "variant": "loamy"
    }
  },
  "fogColor": -1,
  "temperature": 0.5,
  "canGenerateVillages": false,
  "canSpawnInBiome": true,
  "enableSnow": false,
  "generators": {
    "cattail": {
      "with": {
        "block": "biomesoplenty:plant_1",
        "properties": {
          "variant": "cattail"
        }
      },
      "generationAttempts": 32,
      "amountPerChunk": 2.0,
      "enable": true
    },
    "oases": {},
    "trees": {
      "amountPerChunk": 5.0,
      "enable": true,
      "generators": {}
    },
    "poison_ivy": {
      "with": {
        "block": "biomesoplenty:plant_0",
        "properties": {
          "variant": "poisonivy"
        }
      },
      "generationAttempts": 16,
      "amountPerChunk": 0.1,
      "enable": true
    },
    "tanzanite": {},
    "big_brown_mushroom": {},
    "flower_lily": {},
    "blood_pools": {},
    "fire": {},
    "sprouts": {},
    "sapphire": {},
    "glowshrooms": {
      "with": {
        "block": "biomesoplenty:mushroom",
        "properties": {
          "variant": "glowshroom"
        }
      },
      "generationAttempts": 64,
      "amountPerChunk": 1.5,
      "enable": true
    },
    "flowers": {
      "amountPerChunk": 0.5,
      "enable": true,
      "generators": {}
    },
    "clover_patches": {},
    "gravel": {},
    "magma_splatter": {},
    "lava_flows": {},
    "stone_splatter": {},
    "hive": {},
    "hot_springs": {},
    "medium_lily": {},
    "brown_mushrooms": {
      "with": {
        "block": "minecraft:brown_mushroom",
        "properties": {}
      },
      "generationAttempts": 16,
      "amountPerChunk": 0.2,
      "enable": true
    },
    "poison_lakes": {
      "liquid": {
        "block": "biomesoplenty:poison",
        "properties": {
          "level": "0"
        }
      },
      "amountPerChunk": 0.5,
      "enable": true,
      "grassBorderWith": {
        "block": "minecraft:grass",
        "properties": {
          "snowy": "false"
        }
      }
    },
    "big_red_mushroom": {},
    "algae": {
      "with": {
        "block": "biomesoplenty:coral",
        "properties": {
          "level": "15",
          "variant": "algae"
        }
      },
      "generationAttempts": 32,
      "amountPerChunk": 8.0,
      "enable": true
    },
    "stone_formations": {},
    "small_lily": {},
    "wild_rice": {},
    "flax": {},
    "tiny_cacti": {},
    "dead_bushes": {},
    "ice_pools": {},
    "rafflesia": {},
    "grass": {
      "amountPerChunk": 1.5,
      "enable": true,
      "generators": {}
    },
    "peridot": {},
    "desert_sprouts": {},
    "double_cattail": {
      "with": {
        "block": "biomesoplenty:double_plant",
        "properties": {
          "half": "lower",
          "variant": "tall_cattail"
        }
      },
      "generationAttempts": 32,
      "amountPerChunk": 1.0,
      "enable": true,
      "withTop": {
        "block": "biomesoplenty:double_plant",
        "properties": {
          "half": "upper",
          "variant": "tall_cattail"
        }
      }
    },
    "cacti": {},
    "leaves_clusters": {},
    "crystals": {},
    "dunegrass": {},
    "hard_ice_splatter": {},
    "emeralds": {},
    "eyebulbs": {},
    "double_fern": {},
    "snow_splatter": {},
    "quicksand": {},
    "amber": {},
    "cobblestone_splatter": {},
    "malachite": {
      "enable": true
    },
    "kelp": {},
    "water_reeds": {
      "with": {
        "block": "biomesoplenty:plant_1",
        "properties": {
          "variant": "reed"
        }
      },
      "generationAttempts": 32,
      "amountPerChunk": 3.0,
      "enable": true
    },
    "stone_patches": {},
    "blue_coral": {},
    "bushes": {
      "with": {
        "block": "biomesoplenty:plant_0",
        "properties": {
          "variant": "bush"
        }
      },
      "generationAttempts": 32,
      "amountPerChunk": 1.5,
      "enable": true
    },
    "ice_crystals": {},
    "mud_patches": {},
    "thorns": {},
    "dead_leaf_piles": {
      "with": {
        "block": "biomesoplenty:plant_0",
        "properties": {
          "variant": "deadleafpile"
        }
      },
      "generationAttempts": 32,
      "amountPerChunk": 0.6,
      "enable": true
    },
    "shrubs": {},
    "glowstone_crystals": {},
    "glowing_coral": {},
    "lava_lakes": {},
    "portobellos": {},
    "vinesState": {},
    "koru": {
      "with": {
        "block": "biomesoplenty:plant_0",
        "properties": {
          "variant": "koru"
        }
      },
      "generationAttempts": 32,
      "amountPerChunk": 0.1,
      "enable": true
    },
    "grass_splatter": {},
    "blue_milk_caps": {
      "with": {
        "block": "biomesoplenty:mushroom",
        "properties": {
          "variant": "blue_milk_cap"
        }
      },
      "generationAttempts": 16,
      "amountPerChunk": 0.2,
      "enable": true
    },
    "tiny_lily": {},
    "red_mushrooms": {
      "with": {
        "block": "minecraft:red_mushroom",
        "properties": {}
      },
      "generationAttempts": 16,
      "amountPerChunk": 0.1,
      "enable": true
    },
    "lavender": {},
    "flat_mushroom": {
      "with": {
        "block": "biomesoplenty:mushroom",
        "properties": {
          "variant": "flat_mushroom"
        }
      },
      "generationAttempts": 16,
      "amountPerChunk": 0.1,
      "enable": true
    },
    "roots": {
      "with": {
        "block": "biomesoplenty:plant_1",
        "properties": {
          "variant": "root"
        }
      },
      "generationAttempts": 32,
      "amountPerChunk": 4.0,
      "enable": true
    },
    "biome_essence": {},
    "orange_coral": {},
    "sacred_oak_trees": {},
    "toadstools": {},
    "sand": {},
    "mud": {
      "with": {
        "block": "biomesoplenty:mud",
        "properties": {
          "variant": "mud"
        }
      },
      "maxRadius": 7,
      "amountPerChunk": 3.0,
      "enable": true
    },
    "river_cane": {
      "minHeight": 1,
      "with": {
        "block": "biomesoplenty:plant_1",
        "properties": {
          "variant": "rivercane"
        }
      },
      "generationAttempts": 24,
      "amountPerChunk": 1.0,
      "maxHeight": 3,
      "enable": true,
      "randomDirection": false
    },
    "amethyst": {},
    "kelp_tall": {},
    "overgrown_stone_patches": {},
    "topaz": {},
    "bromeliad": {},
    "glowshrooms_surface": {},
    "pink_coral": {},
    "lakes": {
      "liquid": {
        "block": "minecraft:water",
        "properties": {
          "level": "0"
        }
      },
      "amountPerChunk": 2.5,
      "enable": true,
      "frozenLiquid": {
        "block": "minecraft:ice",
        "properties": {}
      },
      "grassBorderWith": {
        "block": "biomesoplenty:grass",
        "properties": {
          "snowy": "false",
          "variant": "loamy"
        }
      }
    },
    "leaf_piles": {
      "with": {
        "block": "biomesoplenty:plant_0",
        "properties": {
          "variant": "leafpile"
        }
      },
      "generationAttempts": 32,
      "amountPerChunk": 0.3,
      "enable": true
    },
    "melons": {},
    "miners_delight": {
      "with": {
        "block": "biomesoplenty:flower_1",
        "properties": {
          "variant": "miners_delight"
        }
      },
      "generationAttempts": 64,
      "amountPerChunk": 0.25,
      "enable": true
    },
    "large_oak": {},
    "boulders": {},
    "ivy": {},
    "ruby": {},
    "netherrack_splatter": {},
    "dead_grass": {},
    "sugar_cane": {},
    "berry_bushes": {},
    "lily": {},
    "desertgrass": {}
  },
  "weights": {
    "cold_swamp": 7
  }
}