{
  "dependencies": "bigreactors",
  "populate": {
    "yellorite_ore": {
      "distribution": "uniform",
      "generator": {
        "block": [
          {"name": "immersiveengineering:ore", "metadata": 5}
        ],
        "material": "minecraft:stone",
        "cluster-size": 5
      },
      "cluster-count": 2,
      "min-height": 8,
      "max-height": 32,
      "retrogen": "true",
      "biome": "all",
      "dimension": {
        "restriction": "blacklist",
        "value": [
          -1,
          1
        ]
      }
    }
  }
}
