{
	"dependencies": "thermalfoundation",
	"populate": {
		"aluminum": {
			"distribution": "uniform",
			"generator": {
                "block": [
					{
						"name": "thermalfoundation:ore",
						"metadata": 4
					}
				],
				"material": "minecraft:stone",
				"cluster-size": 5
			},
			"cluster-count": 8,
			"min-height": 38,
			"max-height": 72,
			"retrogen": "true",
			"biome": "all",
			"dimension": {
				"restriction": "blacklist",
				"value": [
					-1,
					1
				]
			}
		},
        "alps_aluminum": {
			"distribution": "uniform",
			"generator": {
                "block": [
					{
						"name": "thermalfoundation:ore",
						"metadata": 4
					}
				],
				"material": "minecraft:stone",
				"cluster-size": 6
			},
			"cluster-count": 7,
			"min-height": 72,
			"max-height": 170,
			"retrogen": "true",
			"biome": {
				"restriction": "whitelist",
				"value": [
					{
						"type": "id",
						"entry": [
							"alps"
						]
					}
				]
			},
			"dimension": {
				"restriction": "blacklist",
				"value": [
					-1,
					1
				]
			}
		},
        "crag_aluminum": {
			"distribution": "uniform",
			"generator": {
                "block": [
					{
						"name": "thermalfoundation:ore",
						"metadata": 4
					}
				],
				"material": "minecraft:stone",
				"cluster-size": 6
			},
			"cluster-count": 7,
			"min-height": 72,
			"max-height": 150,
			"retrogen": "true",
			"biome": {
				"restriction": "whitelist",
				"value": [
					{
						"type": "id",
						"entry": [
							"crag"
						]
					}
				]
			},
			"dimension": {
				"restriction": "blacklist",
				"value": [
					-1,
					1
				]
			}
		},
		"copper": {
			"distribution": "uniform",
			"generator": {
				"block": "thermalfoundation:ore",
				"material": "minecraft:stone",
				"cluster-size": 8
			},
			"cluster-count": 8,
			"min-height": 40,
			"max-height": 75,
			"retrogen": "true",
			"biome": "all",
			"dimension": {
				"restriction": "blacklist",
				"value": [
					-1,
					1
				]
			}
		},
		"tin": {
			"distribution": "uniform",
			"generator": {
				"block": {
					"name": "thermalfoundation:ore",
					"metadata": 1
				},
				"material": "minecraft:stone",
				"cluster-size": 8
			},
			"cluster-count": 7,
			"min-height": 20,
			"max-height": 55,
			"retrogen": "true",
			"biome": "all",
			"dimension": {
				"restriction": "blacklist",
				"value": [
					-1,
					1
				]
			}
		},
        
        "alps_tin": {
			"enabled": true,
			"distribution": "uniform",
			"generator": {
				"block": {
					"name": "thermalfoundation:ore",
                    "metadata": 1
				},
				"material": "minecraft:stone",
				"cluster-size": 6
			},
			"cluster-count": 5,
			"min-height": 80,
			"max-height": 150,
			"retrogen": false,
			"biome": {
				"restriction": "whitelist",
				"value": [
					{
						"type": "id",
						"entry": [
							"alps"
						]
					}
				]
			},
			"dimension": {
				"restriction": "blacklist",
				"value": [
					-1,
					1
				]
			}
		},
        "crag_tin": {
			"enabled": true,
			"distribution": "uniform",
			"generator": {
				"block": {
					"name": "thermalfoundation:ore",
                    "metadata": 1
				},
				"material": "minecraft:stone",
				"cluster-size": 6
			},
			"cluster-count": 5,
			"min-height": 80,
			"max-height": 140,
			"retrogen": false,
			"biome": {
				"restriction": "whitelist",
				"value": [
					{
						"type": "id",
						"entry": [
							"crag"
						]
					}
				]
			},
			"dimension": {
				"restriction": "blacklist",
				"value": [
					-1,
					1
				]
			}
		},
		"silver": {
			"distribution": "uniform",
			"generator": {
				"block": [
					{
						"name": "thermalfoundation:ore",
						"metadata": 2,
						"weight": 80
					},
					{
						"name": "thermalfoundation:ore",
						"metadata": 3,
						"weight": 20
					}
				],
				"material": "minecraft:stone",
				"cluster-size": 9
			},
			"cluster-count": 4,
			"min-height": 0,
			"max-height": 35,
			"retrogen": "true",
			"biome": "all",
			"dimension": {
				"restriction": "blacklist",
				"value": [
					-1,
					1
				]
			}
		},
		"lead": {
			"distribution": "uniform",
			"generator": {
				"block": [
					{
						"name": "thermalfoundation:ore",
						"metadata": 3,
						"weight": 90
					},
					{
						"name": "thermalfoundation:ore",
						"metadata": 2,
						"weight": 10
					}
				],
				"material": "minecraft:stone",
				"cluster-size": 8
			},
			"cluster-count": 4,
			"min-height": 0,
			"max-height": 45,
			"retrogen": "true",
			"biome": "all",
			"dimension": {
				"restriction": "blacklist",
				"value": [
					-1,
					1
				]
			}
		},
		"nickel": {
			"distribution": "uniform",
			"generator": {
				"block": {
					"name": "thermalfoundation:ore",
					"metadata": 5
				},
				"material": "minecraft:stone",
				"cluster-size": 4
			},
			"cluster-count": 2,
			"min-height": 0,
			"max-height": 25,
			"retrogen": "true",
			"biome": "all",
			"dimension": {
				"restriction": "blacklist",
				"value": [
					-1,
					1
				]
			}
		},
		"copper_ocean": {
			"distribution": "uniform",
			"generator": {
				"block": "thermalfoundation:ore",
				"material": "minecraft:stone",
				"cluster-size": 8
			},
			"cluster-count": 4,
			"min-height": 20,
			"max-height": 55,
			"retrogen": "true",
			"biome": {
				"restriction": "whitelist",
				"value": [
					{
						"type": "dictionary",
						"entry": "OCEAN"
					}
				]
			},
			"dimension": {
				"restriction": "blacklist",
				"value": [
					-1,
					1
				]
			}
		},
        
        "alps_copper": {
			"enabled": true,
			"distribution": "uniform",
			"generator": {
				"block": {
					"name": "thermalfoundation:ore"
				},
				"material": "minecraft:stone",
				"cluster-size": 6
			},
			"cluster-count": 6,
			"min-height": 96,
			"max-height": 190,
			"retrogen": false,
			"biome": {
				"restriction": "whitelist",
				"value": [
					{
						"type": "id",
						"entry": [
							"alps"
						]
					}
				]
			},
			"dimension": {
				"restriction": "blacklist",
				"value": [
					-1,
					1
				]
			}
		},
        "crag_copper": {
			"enabled": true,
			"distribution": "uniform",
			"generator": {
				"block": {
					"name": "thermalfoundation:ore"
				},
				"material": "minecraft:stone",
				"cluster-size": 6
			},
			"cluster-count": 6,
			"min-height": 96,
			"max-height": 150,
			"retrogen": false,
			"biome": {
				"restriction": "whitelist",
				"value": [
					{
						"type": "id",
						"entry": [
							"crag"
						]
					}
				]
			},
			"dimension": {
				"restriction": "blacklist",
				"value": [
					-1,
					1
				]
			}
		},
		"copper_high": {
			"distribution": "uniform",
			"generator": {
				"block": "thermalfoundation:ore",
				"material": "minecraft:stone",
				"cluster-size": 7
			},
			"cluster-count": 7,
			"min-height": 48,
			"max-height": 96,
			"retrogen": "true",
			"biome": "all",
			"dimension": {
				"restriction": "blacklist",
				"value": [
					-1,
					1
				]
			}
		}
	}
}
