<galaxy>
	<star name="Sol" temp="100" x="0" y="0" size="1.0" numPlanets="0" numGasGiants="0">
		<planet name="Earth" DIMID="0" dimMapping="">
			<isKnown>true</isKnown>
			<fogColor>1.0,1.0,1.0</fogColor>
			<skyColor>1.0,1.0,1.0</skyColor>
			<gravitationalMultiplier>100</gravitationalMultiplier>
			<orbitalDistance>40</orbitalDistance>
			<orbitalPhi>0</orbitalPhi>
			<rotationalPeriod>24000</rotationalPeriod>
			<atmosphereDensity>100</atmosphereDensity>
			<planet name="Moon" DIMID="-28" dimMapping="">
				<isKnown>true</isKnown>
				<fogColor>1.0,1.0,1.0</fogColor>
				<skyColor>1.0,1.0,1.0</skyColor>
				<gravitationalMultiplier>16</gravitationalMultiplier>
				<orbitalDistance>150</orbitalDistance>
				<orbitalPhi>0</orbitalPhi>
				<rotationalPeriod>128000</rotationalPeriod>
				<atmosphereDensity>0</atmosphereDensity>
			</planet>
		</planet>
		<planet name="Uranus" DIMID="-17" dimMapping="">
			<isKnown>true</isKnown>
			<fogColor>1.0,1.0,1.0</fogColor>
			<skyColor>1.0,1.0,1.0</skyColor>
			<gravitationalMultiplier>37</gravitationalMultiplier>
			<orbitalDistance>160</orbitalDistance>
			<orbitalPhi>0</orbitalPhi>
			<rotationalPeriod>24000</rotationalPeriod>
			<atmosphereDensity>0</atmosphereDensity>
			<planet name="Oberon" DIMID="-41" dimMapping="">
				<isKnown>true</isKnown>
				<fogColor>1.0,1.0,1.0</fogColor>
				<skyColor>1.0,1.0,1.0</skyColor>
				<gravitationalMultiplier>16</gravitationalMultiplier>
				<orbitalDistance>1</orbitalDistance>
				<orbitalPhi>0</orbitalPhi>
				<rotationalPeriod>24000</rotationalPeriod>
				<atmosphereDensity>0</atmosphereDensity>
			</planet>
			<planet name="Titania" DIMID="-42" dimMapping="">
				<isKnown>true</isKnown>
				<fogColor>1.0,1.0,1.0</fogColor>
				<skyColor>1.0,1.0,1.0</skyColor>
				<gravitationalMultiplier>16</gravitationalMultiplier>
				<orbitalDistance>25</orbitalDistance>
				<orbitalPhi>0</orbitalPhi>
				<rotationalPeriod>24000</rotationalPeriod>
				<atmosphereDensity>0</atmosphereDensity>
			</planet>
		</planet>
		<planet name="Neptune" DIMID="-18" dimMapping="">
			<isKnown>true</isKnown>
			<fogColor>1.0,1.0,1.0</fogColor>
			<skyColor>1.0,1.0,1.0</skyColor>
			<gravitationalMultiplier>37</gravitationalMultiplier>
			<orbitalDistance>180</orbitalDistance>
			<orbitalPhi>0</orbitalPhi>
			<rotationalPeriod>24000</rotationalPeriod>
			<atmosphereDensity>0</atmosphereDensity>
			<planet name="Triton" DIMID="-36" dimMapping="">
				<isKnown>true</isKnown>
				<fogColor>1.0,1.0,1.0</fogColor>
				<skyColor>1.0,1.0,1.0</skyColor>
				<gravitationalMultiplier>16</gravitationalMultiplier>
				<orbitalDistance>10</orbitalDistance>
				<orbitalPhi>0</orbitalPhi>
				<rotationalPeriod>24000</rotationalPeriod>
				<atmosphereDensity>0</atmosphereDensity>
			</planet>
		</planet>
		<planet name="Pluto" DIMID="-19" dimMapping="">
			<isKnown>true</isKnown>
			<fogColor>1.0,1.0,1.0</fogColor>
			<skyColor>1.0,1.0,1.0</skyColor>
			<gravitationalMultiplier>37</gravitationalMultiplier>
			<orbitalDistance>190</orbitalDistance>
			<orbitalPhi>0</orbitalPhi>
			<rotationalPeriod>24000</rotationalPeriod>
			<atmosphereDensity>0</atmosphereDensity>
		</planet>
		<planet name="Ceres" DIMID="-20" dimMapping="">
			<isKnown>true</isKnown>
			<fogColor>1.0,1.0,1.0</fogColor>
			<skyColor>1.0,1.0,1.0</skyColor>
			<gravitationalMultiplier>37</gravitationalMultiplier>
			<orbitalDistance>80</orbitalDistance>
			<orbitalPhi>0</orbitalPhi>
			<rotationalPeriod>24000</rotationalPeriod>
			<atmosphereDensity>0</atmosphereDensity>
		</planet>
		<planet name="Eris" DIMID="-21" dimMapping="">
			<isKnown>true</isKnown>
			<fogColor>1.0,1.0,1.0</fogColor>
			<skyColor>1.0,1.0,1.0</skyColor>
			<gravitationalMultiplier>37</gravitationalMultiplier>
			<orbitalDistance>200</orbitalDistance>
			<orbitalPhi>0</orbitalPhi>
			<rotationalPeriod>24000</rotationalPeriod>
			<atmosphereDensity>0</atmosphereDensity>
		</planet>
		<planet name="Mars" DIMID="-29" dimMapping="" customIcon="gasgiantred">
			<isKnown>true</isKnown>
			<fogColor>1.0,1.0,1.0</fogColor>
			<skyColor>1.0,1.0,1.0</skyColor>
			<gravitationalMultiplier>50</gravitationalMultiplier>
			<orbitalDistance>60</orbitalDistance>
			<orbitalPhi>0</orbitalPhi>
			<rotationalPeriod>10923</rotationalPeriod>
			<atmosphereDensity>0</atmosphereDensity>
			<planet name="Phobos" DIMID="-33" dimMapping="">
				<isKnown>true</isKnown>
				<fogColor>1.0,1.0,1.0</fogColor>
				<skyColor>1.0,1.0,1.0</skyColor>
				<gravitationalMultiplier>57</gravitationalMultiplier>
				<orbitalDistance>10</orbitalDistance>
				<orbitalPhi>-2</orbitalPhi>
				<rotationalPeriod>129594</rotationalPeriod>
				<atmosphereDensity>0</atmosphereDensity>
			</planet>
			<planet name="Deimos" DIMID="-35" dimMapping="">
				<isKnown>true</isKnown>
				<fogColor>1.0,1.0,1.0</fogColor>
				<skyColor>1.0,1.0,1.0</skyColor>
				<gravitationalMultiplier>69</gravitationalMultiplier>
				<orbitalDistance>50</orbitalDistance>
				<orbitalPhi>2</orbitalPhi>
				<rotationalPeriod>73057</rotationalPeriod>
				<atmosphereDensity>0</atmosphereDensity>
			</planet>
		</planet>
		<planet name="Mercury" DIMID="-13" dimMapping="">
			<isKnown>true</isKnown>
			<fogColor>1.0,1.0,1.0</fogColor>
			<skyColor>1.0,1.0,1.0</skyColor>
			<gravitationalMultiplier>111</gravitationalMultiplier>
			<orbitalDistance>1</orbitalDistance>
			<orbitalPhi>-2</orbitalPhi>
			<rotationalPeriod>17548</rotationalPeriod>
			<atmosphereDensity>100</atmosphereDensity>
		</planet>
		<planet name="Asteroids" DIMID="-30" dimMapping="">
			<isKnown>true</isKnown>
			<fogColor>1.0,1.0,1.0</fogColor>
			<skyColor>1.0,1.0,1.0</skyColor>
			<gravitationalMultiplier>130</gravitationalMultiplier>
			<orbitalDistance>100</orbitalDistance>
			<orbitalPhi>-3</orbitalPhi>
			<rotationalPeriod>10923</rotationalPeriod>
			<atmosphereDensity>0</atmosphereDensity>
		</planet>
		<planet name="Venus" DIMID="-31" dimMapping="" customIcon="gasgiantred">
			<isKnown>true</isKnown>
			<fogColor>1.0,1.0,1.0</fogColor>
			<skyColor>1.0,1.0,1.0</skyColor>
			<gravitationalMultiplier>130</gravitationalMultiplier>
			<orbitalDistance>20</orbitalDistance>
			<orbitalPhi>-4</orbitalPhi>
			<rotationalPeriod>10923</rotationalPeriod>
			<atmosphereDensity>0</atmosphereDensity>
		</planet>
		<planet name="Jupiter" DIMID="-15" dimMapping="">
			<isKnown>true</isKnown>
			<fogColor>1.0,1.0,1.0</fogColor>
			<skyColor>1.0,1.0,1.0</skyColor>
			<gravitationalMultiplier>37</gravitationalMultiplier>
			<orbitalDistance>120</orbitalDistance>
			<orbitalPhi>0</orbitalPhi>
			<rotationalPeriod>24000</rotationalPeriod>
			<atmosphereDensity>0</atmosphereDensity>
			<planet name="Europa" DIMID="-34" dimMapping="">
				<isKnown>true</isKnown>
				<fogColor>1.0,1.0,1.0</fogColor>
				<skyColor>1.0,1.0,1.0</skyColor>
				<gravitationalMultiplier>16</gravitationalMultiplier>
				<orbitalDistance>60</orbitalDistance>
				<orbitalPhi>0</orbitalPhi>
				<rotationalPeriod>24000</rotationalPeriod>
				<atmosphereDensity>0</atmosphereDensity>
			</planet>
			<planet name="Callisto" DIMID="-37" dimMapping="">
				<isKnown>true</isKnown>
				<fogColor>1.0,1.0,1.0</fogColor>
				<skyColor>1.0,1.0,1.0</skyColor>
				<gravitationalMultiplier>16</gravitationalMultiplier>
				<orbitalDistance>180</orbitalDistance>
				<orbitalPhi>0</orbitalPhi>
				<rotationalPeriod>24000</rotationalPeriod>
				<atmosphereDensity>0</atmosphereDensity>
			</planet>
			<planet name="Ganymede" DIMID="-38" dimMapping="">
				<isKnown>true</isKnown>
				<fogColor>1.0,1.0,1.0</fogColor>
				<skyColor>1.0,1.0,1.0</skyColor>
				<gravitationalMultiplier>16</gravitationalMultiplier>
				<orbitalDistance>120</orbitalDistance>
				<orbitalPhi>0</orbitalPhi>
				<rotationalPeriod>24000</rotationalPeriod>
				<atmosphereDensity>0</atmosphereDensity>
			</planet>
			<planet name="IO" DIMID="-32" dimMapping="">
				<isKnown>true</isKnown>
				<fogColor>1.0,1.0,1.0</fogColor>
				<skyColor>1.0,1.0,1.0</skyColor>
				<gravitationalMultiplier>16</gravitationalMultiplier>
				<orbitalDistance>10</orbitalDistance>
				<orbitalPhi>0</orbitalPhi>
				<rotationalPeriod>24000</rotationalPeriod>
				<atmosphereDensity>0</atmosphereDensity>
			</planet>
		</planet>
		<planet name="Saturn" DIMID="-16" dimMapping="">
			<isKnown>true</isKnown>
			<fogColor>1.0,1.0,1.0</fogColor>
			<skyColor>1.0,1.0,1.0</skyColor>
			<gravitationalMultiplier>37</gravitationalMultiplier>
			<orbitalDistance>140</orbitalDistance>
			<orbitalPhi>0</orbitalPhi>
			<rotationalPeriod>24000</rotationalPeriod>
			<atmosphereDensity>0</atmosphereDensity>
			<planet name="Rhea" DIMID="-39" dimMapping="">
				<isKnown>true</isKnown>
				<fogColor>1.0,1.0,1.0</fogColor>
				<skyColor>1.0,1.0,1.0</skyColor>
				<gravitationalMultiplier>16</gravitationalMultiplier>
				<orbitalDistance>1</orbitalDistance>
				<orbitalPhi>0</orbitalPhi>
				<rotationalPeriod>24000</rotationalPeriod>
				<atmosphereDensity>0</atmosphereDensity>
			</planet>
			<planet name="Titan" DIMID="-40" dimMapping="">
				<isKnown>true</isKnown>
				<fogColor>1.0,1.0,1.0</fogColor>
				<skyColor>1.0,1.0,1.0</skyColor>
				<gravitationalMultiplier>16</gravitationalMultiplier>
				<orbitalDistance>25</orbitalDistance>
				<orbitalPhi>0</orbitalPhi>
				<rotationalPeriod>24000</rotationalPeriod>
				<atmosphereDensity>0</atmosphereDensity>
			</planet>
			<planet name="Iapetus" DIMID="-43" dimMapping="">
				<isKnown>true</isKnown>
				<fogColor>1.0,1.0,1.0</fogColor>
				<skyColor>1.0,1.0,1.0</skyColor>
				<gravitationalMultiplier>16</gravitationalMultiplier>
				<orbitalDistance>100</orbitalDistance>
				<orbitalPhi>0</orbitalPhi>
				<rotationalPeriod>24000</rotationalPeriod>
				<atmosphereDensity>0</atmosphereDensity>
			</planet>
		</planet>
	</star>
	<star name="Upsilon Andromedae" temp="10" x="300" y="-200" size="1.0" numPlanets="0" numGasGiants="0">
		<planet name="B (Saffar)" DIMID="37">
			<isKnown>false</isKnown>
			<fogColor>1.0,1.0,1.0</fogColor>
			<skyColor>0.8,0.79466593,0.0</skyColor>
			<gravitationalMultiplier>123</gravitationalMultiplier>
			<orbitalDistance>90</orbitalDistance>
			<orbitalPhi>-3</orbitalPhi>
			<rotationalPeriod>12897</rotationalPeriod>
			<atmosphereDensity>200</atmosphereDensity>
			<biomeIds>106</biomeIds>
			<planet name="Moon: 0" DIMID="38">
				<isKnown>false</isKnown>
				<fogColor>1.0,1.0,1.0</fogColor>
				<skyColor>0.34759694,0.9849535,1.0</skyColor>
				<gravitationalMultiplier>80</gravitationalMultiplier>
				<orbitalDistance>40</orbitalDistance>
				<orbitalPhi>-2</orbitalPhi>
				<rotationalPeriod>46875</rotationalPeriod>
				<atmosphereDensity>13</atmosphereDensity>
				<biomeIds>104</biomeIds>
			</planet>
			<planet name="Moon: 1" DIMID="39">
				<isKnown>false</isKnown>
				<fogColor>1.0,1.0,1.0</fogColor>
				<skyColor>0.49896955,0.6542629,1.0</skyColor>
				<gravitationalMultiplier>72</gravitationalMultiplier>
				<orbitalDistance>106</orbitalDistance>
				<orbitalPhi>-7</orbitalPhi>
				<rotationalPeriod>64300</rotationalPeriod>
				<atmosphereDensity>30</atmosphereDensity>
				<biomeIds>4,166,97,34</biomeIds>
			</planet>
			<planet name="Moon: 2" DIMID="40">
				<isKnown>false</isKnown>
				<fogColor>1.0,1.0,1.0</fogColor>
				<skyColor>0.0,0.75003266,1.0</skyColor>
				<gravitationalMultiplier>57</gravitationalMultiplier>
				<orbitalDistance>181</orbitalDistance>
				<orbitalPhi>-3</orbitalPhi>
				<rotationalPeriod>129594</rotationalPeriod>
				<atmosphereDensity>22</atmosphereDensity>
				<biomeIds>104</biomeIds>
			</planet>
		</planet>
		<planet name="C (Samh)" DIMID="41">
			<isKnown>false</isKnown>
			<fogColor>1.0,1.0,1.0</fogColor>
			<skyColor>0.8,0.6033455,0.5766928</skyColor>
			<gravitationalMultiplier>93</gravitationalMultiplier>
			<orbitalDistance>77</orbitalDistance>
			<orbitalPhi>-6</orbitalPhi>
			<rotationalPeriod>29837</rotationalPeriod>
			<atmosphereDensity>96</atmosphereDensity>
			<biomeIds>179,21,96</biomeIds>
		</planet>
		<planet name="D (Majriti)" DIMID="42">
			<isKnown>false</isKnown>
			<fogColor>1.0,1.0,1.0</fogColor>
			<skyColor>0.24832517,0.5309098,1.0</skyColor>
			<gravitationalMultiplier>130</gravitationalMultiplier>
			<orbitalDistance>172</orbitalDistance>
			<orbitalPhi>0</orbitalPhi>
			<rotationalPeriod>10923</rotationalPeriod>
			<atmosphereDensity>53</atmosphereDensity>
			<biomeIds>27,22,167,148,151</biomeIds>
		</planet>
		<planet name="E" DIMID="43">
			<isKnown>false</isKnown>
			<fogColor>1.0,1.0,1.0</fogColor>
			<skyColor>0.8,0.84655774,0.8648112</skyColor>
			<gravitationalMultiplier>123</gravitationalMultiplier>
			<orbitalDistance>152</orbitalDistance>
			<orbitalPhi>-1</orbitalPhi>
			<rotationalPeriod>12897</rotationalPeriod>
			<atmosphereDensity>134</atmosphereDensity>
			<biomeIds>96,191,17,108</biomeIds>
		</planet>
	</star>
	<star name="55 Cancri" temp="170" x="-200" y="80" size="1.0" numPlanets="0" numGasGiants="0">
		<planet name="Janssen" DIMID="49">
			<isKnown>false</isKnown>
			<fogColor>1.0,1.0,1.0</fogColor>
			<skyColor>0.8,0.9666425,0.89795905</skyColor>
			<gravitationalMultiplier>116</gravitationalMultiplier>
			<orbitalDistance>117</orbitalDistance>
			<orbitalPhi>-2</orbitalPhi>
			<rotationalPeriod>15375</rotationalPeriod>
			<atmosphereDensity>87</atmosphereDensity>
			<biomeIds>96,103,39</biomeIds>
			<planet name="Moon: 0" DIMID="50">
				<isKnown>false</isKnown>
				<fogColor>1.0,1.0,1.0</fogColor>
				<skyColor>0.4840604,0.6428567,1.0</skyColor>
				<gravitationalMultiplier>47</gravitationalMultiplier>
				<orbitalDistance>118</orbitalDistance>
				<orbitalPhi>0</orbitalPhi>
				<rotationalPeriod>231162</rotationalPeriod>
				<atmosphereDensity>30</atmosphereDensity>
				<biomeIds>181,3,36,34</biomeIds>
			</planet>
			<planet name="Moon: 1" DIMID="51">
				<isKnown>false</isKnown>
				<fogColor>1.0,1.0,1.0</fogColor>
				<skyColor>0.0,0.765659,1.0</skyColor>
				<gravitationalMultiplier>33</gravitationalMultiplier>
				<orbitalDistance>187</orbitalDistance>
				<orbitalPhi>-5</orbitalPhi>
				<rotationalPeriod>667835</rotationalPeriod>
				<atmosphereDensity>25</atmosphereDensity>
				<biomeIds>104</biomeIds>
			</planet>
		</planet>
		<planet name="Galileo" DIMID="52">
			<isKnown>false</isKnown>
			<fogColor>1.0,1.0,1.0</fogColor>
			<skyColor>0.026179016,0.81568074,1.0</skyColor>
			<gravitationalMultiplier>130</gravitationalMultiplier>
			<orbitalDistance>137</orbitalDistance>
			<orbitalPhi>-2</orbitalPhi>
			<rotationalPeriod>10923</rotationalPeriod>
			<atmosphereDensity>40</atmosphereDensity>
			<biomeIds>104</biomeIds>
			<planet name="Moon: 0" DIMID="53">
				<isKnown>false</isKnown>
				<fogColor>1.0,1.0,1.0</fogColor>
				<skyColor>0.0,0.7198195,1.0</skyColor>
				<gravitationalMultiplier>51</gravitationalMultiplier>
				<orbitalDistance>197</orbitalDistance>
				<orbitalPhi>0</orbitalPhi>
				<rotationalPeriod>180925</rotationalPeriod>
				<atmosphereDensity>13</atmosphereDensity>
				<biomeIds>104</biomeIds>
			</planet>
			<planet name="Moon: 1" DIMID="54">
				<isKnown>false</isKnown>
				<fogColor>1.0,1.0,1.0</fogColor>
				<skyColor>0.21207845,0.97529227,1.0</skyColor>
				<gravitationalMultiplier>57</gravitationalMultiplier>
				<orbitalDistance>148</orbitalDistance>
				<orbitalPhi>-6</orbitalPhi>
				<rotationalPeriod>129594</rotationalPeriod>
				<atmosphereDensity>29</atmosphereDensity>
				<biomeIds>90,22,149,93</biomeIds>
			</planet>
		</planet>
		<planet name="Brahe" DIMID="55">
			<isKnown>false</isKnown>
			<fogColor>1.0,1.0,1.0</fogColor>
			<skyColor>0.8,0.63482875,0.47496825</skyColor>
			<gravitationalMultiplier>115</gravitationalMultiplier>
			<orbitalDistance>113</orbitalDistance>
			<orbitalPhi>0</orbitalPhi>
			<rotationalPeriod>15780</rotationalPeriod>
			<atmosphereDensity>129</atmosphereDensity>
			<biomeIds>15,154,91,108</biomeIds>
			<planet name="Moon: 0" DIMID="56">
				<isKnown>false</isKnown>
				<fogColor>1.0,1.0,1.0</fogColor>
				<skyColor>0.0,0.94988656,1.0</skyColor>
				<gravitationalMultiplier>75</gravitationalMultiplier>
				<orbitalDistance>176</orbitalDistance>
				<orbitalPhi>-1</orbitalPhi>
				<rotationalPeriod>56888</rotationalPeriod>
				<atmosphereDensity>17</atmosphereDensity>
				<biomeIds>104</biomeIds>
			</planet>
			<planet name="Moon: 1" DIMID="57">
				<isKnown>false</isKnown>
				<fogColor>1.0,1.0,1.0</fogColor>
				<skyColor>0.18221724,0.7334594,1.0</skyColor>
				<gravitationalMultiplier>42</gravitationalMultiplier>
				<orbitalDistance>144</orbitalDistance>
				<orbitalPhi>0</orbitalPhi>
				<rotationalPeriod>323939</rotationalPeriod>
				<atmosphereDensity>22</atmosphereDensity>
				<biomeIds>104</biomeIds>
			</planet>
		</planet>
		<planet name="Harriot" DIMID="58">
			<isKnown>false</isKnown>
			<fogColor>1.0,1.0,1.0</fogColor>
			<skyColor>0.8,0.63261414,0.60722065</skyColor>
			<gravitationalMultiplier>130</gravitationalMultiplier>
			<orbitalDistance>34</orbitalDistance>
			<orbitalPhi>0</orbitalPhi>
			<rotationalPeriod>10923</rotationalPeriod>
			<atmosphereDensity>50</atmosphereDensity>
			<biomeIds>14</biomeIds>
		</planet>
		<planet name="Lipperhey" DIMID="59">
			<isKnown>false</isKnown>
			<fogColor>1.0,1.0,1.0</fogColor>
			<skyColor>0.55669487,0.93648946,1.0</skyColor>
			<gravitationalMultiplier>89</gravitationalMultiplier>
			<orbitalDistance>101</orbitalDistance>
			<orbitalPhi>4</orbitalPhi>
			<rotationalPeriod>34044</rotationalPeriod>
			<atmosphereDensity>24</atmosphereDensity>
			<biomeIds>104</biomeIds>
		</planet>
	</star>
	<star name="Kepler-22" temp="200" x="-150" y="250" size="1.0" numPlanets="0" numGasGiants="0">
		<planet name="Kepler 22e" DIMID="1024">
			<isKnown>false</isKnown>
			<fogColor>1.0,1.0,1.0</fogColor>
			<skyColor>0.37940603,0.7196007,1.0</skyColor>
			<gravitationalMultiplier>130</gravitationalMultiplier>
			<orbitalDistance>178</orbitalDistance>
			<orbitalPhi>0</orbitalPhi>
			<rotationalPeriod>10923</rotationalPeriod>
			<atmosphereDensity>71</atmosphereDensity>
			<biomeIds>39,157,184,166</biomeIds>
		</planet>
		<planet name="Kepler 22b" DIMID="-22" dimMapping="">
			<isKnown>false</isKnown>
			<fogColor>1.0,1.0,1.0</fogColor>
			<skyColor>1.0,1.0,1.0</skyColor>
			<gravitationalMultiplier>107</gravitationalMultiplier>
			<orbitalDistance>79</orbitalDistance>
			<orbitalPhi>2</orbitalPhi>
			<rotationalPeriod>19591</rotationalPeriod>
			<atmosphereDensity>0</atmosphereDensity>
		</planet>
		<planet name="Kepler 22c" DIMID="1023">
			<isKnown>false</isKnown>
			<fogColor>1.0,1.0,1.0</fogColor>
			<skyColor>0.8,0.5889863,0.37308198</skyColor>
			<gravitationalMultiplier>130</gravitationalMultiplier>
			<orbitalDistance>97</orbitalDistance>
			<orbitalPhi>0</orbitalPhi>
			<rotationalPeriod>10923</rotationalPeriod>
			<atmosphereDensity>129</atmosphereDensity>
			<biomeIds>10,149,95,164,108</biomeIds>
		</planet>
	</star>
	<star name="TRAPPIST-1" temp="70" x="-150" y="-250" size="1.0" numPlanets="0" numGasGiants="0">
		<planet name="B" DIMID="1032">
			<isKnown>false</isKnown>
			<fogColor>1.0,1.0,1.0</fogColor>
			<skyColor>0.8,0.7585544,0.0</skyColor>
			<gravitationalMultiplier>122</gravitationalMultiplier>
			<orbitalDistance>23</orbitalDistance>
			<orbitalPhi>-2</orbitalPhi>
			<rotationalPeriod>13216</rotationalPeriod>
			<atmosphereDensity>197</atmosphereDensity>
			<biomeIds>106</biomeIds>
		</planet>
		<planet name="C" DIMID="1033">
			<isKnown>false</isKnown>
			<fogColor>1.0,1.0,1.0</fogColor>
			<skyColor>0.8,0.8416748,1.0</skyColor>
			<gravitationalMultiplier>130</gravitationalMultiplier>
			<orbitalDistance>80</orbitalDistance>
			<orbitalPhi>-4</orbitalPhi>
			<rotationalPeriod>10923</rotationalPeriod>
			<atmosphereDensity>105</atmosphereDensity>
			<biomeIds>12</biomeIds>
		</planet>
		<planet name="D" DIMID="1034">
			<isKnown>false</isKnown>
			<fogColor>1.0,1.0,1.0</fogColor>
			<skyColor>1.0,1.0,1.0</skyColor>
			<gravitationalMultiplier>100</gravitationalMultiplier>
			<orbitalDistance>100</orbitalDistance>
			<orbitalPhi>-2</orbitalPhi>
			<rotationalPeriod>24000</rotationalPeriod>
			<atmosphereDensity>120</atmosphereDensity>
			<biomeIds>149,104,155,3,39</biomeIds>
		</planet>
		<planet name="E" DIMID="1035">
			<isKnown>false</isKnown>
			<fogColor>1.0,1.0,1.0</fogColor>
			<skyColor>1.0,1.0,1.0</skyColor>
			<gravitationalMultiplier>120</gravitationalMultiplier>
			<orbitalDistance>140</orbitalDistance>
			<orbitalPhi>-1</orbitalPhi>
			<rotationalPeriod>24000</rotationalPeriod>
			<atmosphereDensity>100</atmosphereDensity>
			<biomeIds>184,153,29,106,131</biomeIds>
		</planet>
		<planet name="F" DIMID="1036">
			<isKnown>false</isKnown>
			<fogColor>1.0,1.0,1.0</fogColor>
			<skyColor>1.0,1.0,1.0</skyColor>
			<gravitationalMultiplier>90</gravitationalMultiplier>
			<orbitalDistance>160</orbitalDistance>
			<orbitalPhi>0</orbitalPhi>
			<rotationalPeriod>24000</rotationalPeriod>
			<atmosphereDensity>80</atmosphereDensity>
			<biomeIds>174,171,133,103,190</biomeIds>
		</planet>
		<planet name="G" DIMID="1037">
			<isKnown>false</isKnown>
			<fogColor>1.0,1.0,1.0</fogColor>
			<skyColor>1.0,1.0,1.0</skyColor>
			<gravitationalMultiplier>70</gravitationalMultiplier>
			<orbitalDistance>180</orbitalDistance>
			<orbitalPhi>-5</orbitalPhi>
			<rotationalPeriod>24000</rotationalPeriod>
			<atmosphereDensity>60</atmosphereDensity>
			<biomeIds>186,4,102,171,106</biomeIds>
		</planet>
		<planet name="H" DIMID="1038">
			<isKnown>false</isKnown>
			<fogColor>1.0,1.0,1.0</fogColor>
			<skyColor>1.0,1.0,1.0</skyColor>
			<gravitationalMultiplier>37</gravitationalMultiplier>
			<orbitalDistance>200</orbitalDistance>
			<orbitalPhi>-3</orbitalPhi>
			<rotationalPeriod>24000</rotationalPeriod>
			<atmosphereDensity>40</atmosphereDensity>
			<biomeIds>130,191,23,161,105</biomeIds>
		</planet>
	</star>
</galaxy>