{
  "oasis": 73,
  "woodland": 102,
  "white_beach": 101,
  "shrubland": 88,
  "xeric_shrubland": 103,
  "tropical_rainforest": 94,
  "fen": 57,
  "steppe": 91,
  "alps_foothills": 41,
  "bayou": 43,
  "mountain": 70,
  "phantasmagoric_inferno": 79,
  "overgrown_cliffs": 78,
  "highland": 65,
  "volcanic_island": 98,
  "quagmire": 82,
  "marsh": 67,
  "chaparral": 47,
  "flower_island": 59,
  "flower_field": 58,
  "wetland": 100,
  "mystic_grove": 72,
  "cold_desert": 49,
  "mountain_foothills": 71,
  "maple_woods": 66,
  "coral_reef": 51,
  "orchard": 75,
  "moor": 69,
  "land_of_lakes": 67,
  "bog": 44,
  "coniferous_forest": 50,
  "eucalyptus_forest": 56,
  "outback": 77,
  "shield": 87,
  "alps": 40,
  "wasteland": 99,
  "lush_desert": 63,
  "mangrove": 65,
  "boreal_forest": 45,
  "redwood_forest": 84,
  "cherry_blossom_grove": 48,
  "visceral_heap": 97,
  "snowy_forest": 90,
  "seasonal_forest": 86,
  "temperate_rainforest": 92,
  "dead_forest": 54,
  "bamboo_forest": 42,
  "corrupted_sands": 52,
  "dead_swamp": 55,
  "kelp_forest": 66,
  "pasture": 105,
  "glacier": 61,
  "meadow": 68,
  "lush_swamp": 64,
  "fungi_forest": 60,
  "tropical_island": 93,
  "grassland": 62,
  "prairie": 81,
  "snowy_coniferous_forest": 89,
  "tundra": 95,
  "undergarden": 96,
  "origin_island": 76,
  "gravel_beach": 63,
  "grove": 64,
  "lavender_fields": 62,
  "origin_beach": 104,
  "rainforest": 83,
  "sacred_springs": 85,
  "crag": 53,
  "brushland": 46,
  "ominous_woods": 74
}