{
  "Cinnabar": {
  "template": "uniform",
  "block": {"name": "Thaumcraft:blockCustomOre", "metadata": 0},
  "clusterSize": 1,
  "numClusters": 4,
  "chunkChance": 1,
  "minHeight": 20,
  "maxHeight": 60,
  "retrogen": "true",
  "biomeRestriction": "none",
  "biomes": [
  "all"
  ],
  "dimensionRestriction": "blacklist",
  "dimensions": [
  -1,
  1
  ]
  },
  "AirInfStone": {
  "template": "uniform",
  "block": {"name": "Thaumcraft:blockCustomOre", "metadata": 1},
  "clusterSize": 4,
  "numClusters": 4,
  "chunkChance": 1,
  "minHeight": 20,
  "maxHeight": 60,
  "retrogen": "true",
  "biomeRestriction": "none",
  "biomes": [
  "all"
  ],
  "dimensionRestriction": "blacklist",
  "dimensions": [
  -1,
  1
  ]
  },
  "FireInfStone": {
  "template": "uniform",
  "block": {"name": "Thaumcraft:blockCustomOre", "metadata": 2},
  "clusterSize": 4,
  "numClusters": 4,
  "chunkChance": 1,
  "minHeight": 20,
  "maxHeight": 60,
  "retrogen": "true",
  "biomeRestriction": "none",
  "biomes": [
  "all"
  ],
  "dimensionRestriction": "blacklist",
  "dimensions": [
  -1,
  1
  ]
  },
  "WaterInfStone": {
  "template": "uniform",
  "block": {"name": "Thaumcraft:blockCustomOre", "metadata": 3},
  "clusterSize": 4,
  "numClusters": 4,
  "chunkChance": 1,
  "minHeight": 20,
  "maxHeight": 60,
  "retrogen": "true",
  "biomeRestriction": "none",
  "biomes": [
  "all"
  ],
  "dimensionRestriction": "blacklist",
  "dimensions": [
  -1,
  1
  ]
  },
  "EarthInfStone": {
  "template": "uniform",
  "block": {"name": "Thaumcraft:blockCustomOre", "metadata": 4},
  "clusterSize": 4,
  "numClusters": 4,
  "chunkChance": 1,
  "minHeight": 20,
  "maxHeight": 60,
  "retrogen": "true",
  "biomeRestriction": "none",
  "biomes": [
  "all"
  ],
  "dimensionRestriction": "blacklist",
  "dimensions": [
  -1,
  1
  ]
  },
  "OrderInfStone": {
  "template": "uniform",
  "block": {"name": "Thaumcraft:blockCustomOre", "metadata": 5},
  "clusterSize": 4,
  "numClusters": 4,
  "chunkChance": 1,
  "minHeight": 20,
  "maxHeight": 60,
  "retrogen": "true",
  "biomeRestriction": "none",
  "biomes": [
  "all"
  ],
  "dimensionRestriction": "blacklist",
  "dimensions": [
  -1,
  1
  ]
  },
  "EntropyInfStone": {
  "template": "uniform",
  "block": {"name": "Thaumcraft:blockCustomOre", "metadata": 6},
  "clusterSize": 4,
  "numClusters": 4,
  "chunkChance": 1,
  "minHeight": 20,
  "maxHeight": 60,
  "retrogen": "true",
  "biomeRestriction": "none",
  "biomes": [
  "all"
  ],
  "dimensionRestriction": "blacklist",
  "dimensions": [
  -1,
  1
  ]
  },
  "AmberStone": {
  "template": "uniform",
  "block": {"name": "Thaumcraft:blockCustomOre", "metadata": 7},
  "clusterSize": 1,
  "numClusters": 4,
  "chunkChance": 1,
  "minHeight": 20,
  "maxHeight": 60,
  "retrogen": "true",
  "biomeRestriction": "none",
  "biomes": [
  "all"
  ],
  "dimensionRestriction": "blacklist",
  "dimensions": [
  -1,
  1
  ]
  }
}
