{
  "enableRain": true,
  "canGenerateRivers": true,
  "beachBiomeLocation": "biomesoplenty:gravel_beach",
  "rainfall": 0.1,
  "skyColor": -1,
  "guiColour": 13413215,
  "fogDensity": 1.0,
  "hasBiomeEssence": true,
  "variationBelow": 6.0,
  "variationAbove": 20.0,
  "waterColor": 16777215,
  "seaFloorBlock": {
    "block": "minecraft:dirt",
    "properties": {
      "snowy": "false",
      "variant": "dirt"
    }
  },
  "fillerBlock": {
    "block": "biomesoplenty:dirt",
    "properties": {
      "coarse": "false",
      "variant": "sandy"
    }
  },
  "averageHeight": 70.0,
  "topBlock": {
    "block": "biomesoplenty:grass",
    "properties": {
      "snowy": "false",
      "variant": "sandy"
    }
  },
  "fogColor": -1,
  "temperature": 0.75,
  "canGenerateVillages": true,
  "canSpawnInBiome": false,
  "enableSnow": false,
  "generators": {
    "cattail": {},
    "oases": {},
    "trees": {},
    "poison_ivy": {},
    "tanzanite": {},
    "big_brown_mushroom": {},
    "flower_lily": {},
    "blood_pools": {},
    "fire": {},
    "sprouts": {},
    "sapphire": {},
    "glowshrooms": {
      "with": {
        "block": "biomesoplenty:mushroom",
        "properties": {
          "variant": "glowshroom"
        }
      },
      "generationAttempts": 64,
      "amountPerChunk": 1.5,
      "enable": true
    },
    "flowers": {},
    "clover_patches": {},
    "gravel": {},
    "magma_splatter": {},
    "lava_flows": {},
    "stone_splatter": {},
    "hive": {},
    "hot_springs": {},
    "medium_lily": {},
    "brown_mushrooms": {},
    "poison_lakes": {},
    "big_red_mushroom": {},
    "algae": {},
    "stone_formations": {},
    "small_lily": {},
    "wild_rice": {},
    "flax": {},
    "tiny_cacti": {},
    "dead_bushes": {
      "with": {
        "block": "minecraft:deadbush",
        "properties": {}
      },
      "generationAttempts": 4,
      "amountPerChunk": 0.3,
      "enable": true
    },
    "ice_pools": {},
    "rafflesia": {},
    "grass": {
      "amountPerChunk": 1.9,
      "enable": true,
      "generators": {}
    },
    "peridot": {},
    "desert_sprouts": {},
    "cacti": {},
    "double_cattail": {},
    "leaves_clusters": {},
    "crystals": {},
    "dunegrass": {},
    "hard_ice_splatter": {},
    "emeralds": {},
    "eyebulbs": {},
    "double_fern": {},
    "snow_splatter": {},
    "quicksand": {},
    "amber": {},
    "cobblestone_splatter": {},
    "kelp": {},
    "malachite": {},
    "water_reeds": {},
    "stone_patches": {},
    "blue_coral": {},
    "bushes": {},
    "ice_crystals": {},
    "mud_patches": {},
    "thorns": {},
    "dead_leaf_piles": {},
    "shrubs": {},
    "glowstone_crystals": {},
    "glowing_coral": {},
    "lava_lakes": {},
    "portobellos": {},
    "vinesState": {},
    "grass_splatter": {},
    "koru": {},
    "blue_milk_caps": {},
    "tiny_lily": {},
    "red_mushrooms": {},
    "lavender": {},
    "flat_mushroom": {},
    "roots": {
      "with": {
        "block": "biomesoplenty:plant_1",
        "properties": {
          "variant": "root"
        }
      },
      "generationAttempts": 32,
      "amountPerChunk": 4.0,
      "enable": true
    },
    "biome_essence": {},
    "orange_coral": {},
    "sacred_oak_trees": {},
    "toadstools": {},
    "sand": {
      "with": {
        "block": "minecraft:sand",
        "properties": {
          "variant": "sand"
        }
      },
      "maxRadius": 7,
      "amountPerChunk": 3.0,
      "enable": true
    },
    "mud": {},
    "river_cane": {},
    "amethyst": {},
    "kelp_tall": {},
    "overgrown_stone_patches": {},
    "topaz": {},
    "bromeliad": {},
    "glowshrooms_surface": {},
    "pink_coral": {},
    "lakes": {},
    "leaf_piles": {},
    "melons": {},
    "miners_delight": {
      "with": {
        "block": "biomesoplenty:flower_1",
        "properties": {
          "variant": "miners_delight"
        }
      },
      "generationAttempts": 64,
      "amountPerChunk": 0.25,
      "enable": true
    },
    "large_oak": {},
    "boulders": {},
    "ivy": {},
    "ruby": {
      "enable": true
    },
    "netherrack_splatter": {},
    "dead_grass": {},
    "sugar_cane": {},
    "berry_bushes": {},
    "lily": {},
    "desertgrass": {
      "with": {
        "block": "biomesoplenty:plant_0",
        "properties": {
          "variant": "desertgrass"
        }
      },
      "generationAttempts": 8,
      "amountPerChunk": 12.0,
      "enable": true
    }
  },
  "weights": {
    "dry_temperate": 5
  }
}