{
  "enableRain": true,
  "canGenerateRivers": false,
  "rainfall": 0.9,
  "skyColor": -1,
  "guiColour": 5257771,
  "fogDensity": 1.0,
  "hasBiomeEssence": true,
  "variationBelow": 5.0,
  "variationAbove": 10.0,
  "waterColor": 13390080,
  "seaFloorBlock": {
    "block": "biomesoplenty:mud",
    "properties": {
      "variant": "mud"
    }
  },
  "fillerBlock": {
    "block": "biomesoplenty:mud",
    "properties": {
      "variant": "mud"
    }
  },
  "averageHeight": 63.0,
  "topBlock": {
    "block": "biomesoplenty:mud",
    "properties": {
      "variant": "mud"
    }
  },
  "fogColor": -1,
  "temperature": 0.55,
  "canGenerateVillages": false,
  "canSpawnInBiome": false,
  "enableSnow": false,
  "generators": {
    "cattail": {},
    "oases": {},
    "trees": {},
    "poison_ivy": {},
    "tanzanite": {},
    "big_brown_mushroom": {},
    "flower_lily": {},
    "blood_pools": {},
    "fire": {},
    "sprouts": {},
    "sapphire": {},
    "glowshrooms": {
      "with": {
        "block": "biomesoplenty:mushroom",
        "properties": {
          "variant": "glowshroom"
        }
      },
      "generationAttempts": 64,
      "amountPerChunk": 1.5,
      "enable": true
    },
    "flowers": {},
    "clover_patches": {},
    "gravel": {},
    "magma_splatter": {},
    "lava_flows": {},
    "stone_splatter": {},
    "hive": {},
    "hot_springs": {},
    "medium_lily": {
      "with": {
        "block": "biomesoplenty:waterlily",
        "properties": {
          "variant": "medium"
        }
      },
      "generationAttempts": 32,
      "amountPerChunk": 0.1,
      "enable": true
    },
    "brown_mushrooms": {},
    "poison_lakes": {},
    "big_red_mushroom": {},
    "algae": {
      "with": {
        "block": "biomesoplenty:coral",
        "properties": {
          "level": "15",
          "variant": "algae"
        }
      },
      "generationAttempts": 32,
      "amountPerChunk": 0.1,
      "enable": true
    },
    "stone_formations": {},
    "small_lily": {
      "with": {
        "block": "biomesoplenty:waterlily",
        "properties": {
          "variant": "small"
        }
      },
      "generationAttempts": 32,
      "amountPerChunk": 0.2,
      "enable": true
    },
    "wild_rice": {},
    "flax": {},
    "tiny_cacti": {},
    "dead_bushes": {},
    "ice_pools": {},
    "rafflesia": {},
    "grass": {
      "amountPerChunk": 1.4,
      "enable": true,
      "generators": {}
    },
    "peridot": {},
    "desert_sprouts": {},
    "cacti": {},
    "double_cattail": {},
    "leaves_clusters": {},
    "crystals": {},
    "dunegrass": {},
    "hard_ice_splatter": {},
    "emeralds": {},
    "eyebulbs": {},
    "double_fern": {},
    "snow_splatter": {},
    "quicksand": {},
    "amber": {},
    "cobblestone_splatter": {},
    "malachite": {
      "enable": true
    },
    "kelp": {},
    "water_reeds": {
      "with": {
        "block": "biomesoplenty:plant_1",
        "properties": {
          "variant": "reed"
        }
      },
      "generationAttempts": 32,
      "amountPerChunk": 2.0,
      "enable": true
    },
    "stone_patches": {},
    "blue_coral": {},
    "bushes": {},
    "ice_crystals": {},
    "mud_patches": {},
    "thorns": {},
    "dead_leaf_piles": {},
    "shrubs": {},
    "glowstone_crystals": {},
    "glowing_coral": {},
    "lava_lakes": {},
    "portobellos": {},
    "vinesState": {},
    "grass_splatter": {
      "with": {
        "block": "biomesoplenty:grass",
        "properties": {
          "snowy": "false",
          "variant": "loamy"
        }
      },
      "generationAttempts": 128,
      "amountPerChunk": 1.0,
      "enable": true
    },
    "koru": {
      "with": {
        "block": "biomesoplenty:plant_0",
        "properties": {
          "variant": "koru"
        }
      },
      "generationAttempts": 32,
      "amountPerChunk": 0.3,
      "enable": true
    },
    "blue_milk_caps": {},
    "tiny_lily": {
      "with": {
        "block": "biomesoplenty:waterlily",
        "properties": {
          "variant": "tiny"
        }
      },
      "generationAttempts": 32,
      "amountPerChunk": 0.3,
      "enable": true
    },
    "red_mushrooms": {},
    "lavender": {},
    "flat_mushroom": {},
    "roots": {
      "with": {
        "block": "biomesoplenty:plant_1",
        "properties": {
          "variant": "root"
        }
      },
      "generationAttempts": 32,
      "amountPerChunk": 4.0,
      "enable": true
    },
    "biome_essence": {},
    "orange_coral": {},
    "sacred_oak_trees": {},
    "toadstools": {},
    "sand": {},
    "mud": {
      "with": {
        "block": "biomesoplenty:mud",
        "properties": {
          "variant": "mud"
        }
      },
      "maxRadius": 8,
      "amountPerChunk": 6.0,
      "enable": true
    },
    "river_cane": {},
    "amethyst": {},
    "kelp_tall": {},
    "overgrown_stone_patches": {},
    "topaz": {},
    "bromeliad": {},
    "glowshrooms_surface": {},
    "pink_coral": {},
    "lakes": {},
    "leaf_piles": {},
    "melons": {},
    "miners_delight": {
      "with": {
        "block": "biomesoplenty:flower_1",
        "properties": {
          "variant": "miners_delight"
        }
      },
      "generationAttempts": 64,
      "amountPerChunk": 0.25,
      "enable": true
    },
    "large_oak": {},
    "boulders": {},
    "ivy": {},
    "ruby": {},
    "netherrack_splatter": {},
    "dead_grass": {},
    "sugar_cane": {},
    "berry_bushes": {},
    "lily": {
      "with": {
        "block": "minecraft:waterlily",
        "properties": {}
      },
      "generationAttempts": 32,
      "amountPerChunk": 0.1,
      "enable": true
    },
    "desertgrass": {}
  },
  "weights": {
    "cold_swamp": 2
  }
}