{
  "enableRain": true,
  "canGenerateRivers": false,
  "rainfall": 0.6,
  "skyColor": 3420989,
  "guiColour": 4145489,
  "fogDensity": 0.3,
  "hasBiomeEssence": true,
  "variationBelow": 5.0,
  "variationAbove": 15.0,
  "waterColor": 1973030,
  "seaFloorBlock": {
    "block": "minecraft:dirt",
    "properties": {
      "snowy": "false",
      "variant": "dirt"
    }
  },
  "fillerBlock": {
    "block": "biomesoplenty:dirt",
    "properties": {
      "coarse": "false",
      "variant": "loamy"
    }
  },
  "averageHeight": 68.0,
  "topBlock": {
    "block": "biomesoplenty:grass",
    "properties": {
      "snowy": "false",
      "variant": "loamy"
    }
  },
  "fogColor": 3420989,
  "temperature": 0.6,
  "canGenerateVillages": false,
  "canSpawnInBiome": false,
  "enableSnow": false,
  "generators": {
    "cattail": {},
    "oases": {},
    "trees": {
      "amountPerChunk": 12.0,
      "enable": true,
      "generators": {}
    },
    "poison_ivy": {
      "with": {
        "block": "biomesoplenty:plant_0",
        "properties": {
          "variant": "poisonivy"
        }
      },
      "generationAttempts": 16,
      "amountPerChunk": 0.1,
      "enable": true
    },
    "tanzanite": {},
    "big_brown_mushroom": {},
    "flower_lily": {},
    "blood_pools": {},
    "fire": {},
    "sprouts": {},
    "sapphire": {},
    "glowshrooms": {
      "with": {
        "block": "biomesoplenty:mushroom",
        "properties": {
          "variant": "glowshroom"
        }
      },
      "generationAttempts": 64,
      "amountPerChunk": 1.5,
      "enable": true
    },
    "flowers": {
      "amountPerChunk": 0.7,
      "enable": true,
      "generators": {}
    },
    "clover_patches": {},
    "gravel": {},
    "magma_splatter": {},
    "lava_flows": {},
    "stone_splatter": {},
    "hive": {},
    "hot_springs": {},
    "medium_lily": {},
    "brown_mushrooms": {
      "with": {
        "block": "minecraft:brown_mushroom",
        "properties": {}
      },
      "generationAttempts": 16,
      "amountPerChunk": 0.5,
      "enable": true
    },
    "poison_lakes": {
      "liquid": {
        "block": "biomesoplenty:poison",
        "properties": {
          "level": "0"
        }
      },
      "amountPerChunk": 0.1,
      "enable": true,
      "grassBorderWith": {
        "block": "minecraft:grass",
        "properties": {
          "snowy": "false"
        }
      }
    },
    "big_red_mushroom": {},
    "algae": {},
    "stone_formations": {},
    "small_lily": {},
    "wild_rice": {},
    "flax": {},
    "tiny_cacti": {},
    "dead_bushes": {},
    "ice_pools": {},
    "rafflesia": {},
    "grass": {
      "amountPerChunk": 1.2,
      "enable": true,
      "generators": {}
    },
    "peridot": {},
    "desert_sprouts": {},
    "cacti": {},
    "double_cattail": {},
    "leaves_clusters": {},
    "crystals": {},
    "dunegrass": {},
    "hard_ice_splatter": {},
    "emeralds": {},
    "eyebulbs": {},
    "double_fern": {},
    "snow_splatter": {},
    "quicksand": {},
    "amber": {},
    "cobblestone_splatter": {},
    "malachite": {
      "enable": true
    },
    "kelp": {},
    "water_reeds": {},
    "stone_patches": {},
    "blue_coral": {},
    "bushes": {},
    "ice_crystals": {},
    "mud_patches": {},
    "thorns": {
      "with": {
        "block": "biomesoplenty:plant_1",
        "properties": {
          "variant": "thorn"
        }
      },
      "generationAttempts": 32,
      "amountPerChunk": 0.8,
      "enable": true
    },
    "dead_leaf_piles": {
      "with": {
        "block": "biomesoplenty:plant_0",
        "properties": {
          "variant": "deadleafpile"
        }
      },
      "generationAttempts": 32,
      "amountPerChunk": 0.2,
      "enable": true
    },
    "shrubs": {},
    "glowstone_crystals": {},
    "glowing_coral": {},
    "lava_lakes": {},
    "portobellos": {},
    "vinesState": {},
    "grass_splatter": {},
    "koru": {},
    "blue_milk_caps": {},
    "tiny_lily": {},
    "red_mushrooms": {
      "with": {
        "block": "minecraft:red_mushroom",
        "properties": {}
      },
      "generationAttempts": 16,
      "amountPerChunk": 0.3,
      "enable": true
    },
    "lavender": {},
    "flat_mushroom": {},
    "roots": {
      "with": {
        "block": "biomesoplenty:plant_1",
        "properties": {
          "variant": "root"
        }
      },
      "generationAttempts": 32,
      "amountPerChunk": 4.0,
      "enable": true
    },
    "biome_essence": {},
    "orange_coral": {},
    "sacred_oak_trees": {},
    "toadstools": {},
    "sand": {},
    "mud": {},
    "river_cane": {},
    "amethyst": {},
    "kelp_tall": {},
    "overgrown_stone_patches": {},
    "topaz": {},
    "bromeliad": {},
    "glowshrooms_surface": {},
    "pink_coral": {},
    "lakes": {},
    "leaf_piles": {},
    "melons": {},
    "miners_delight": {
      "with": {
        "block": "biomesoplenty:flower_1",
        "properties": {
          "variant": "miners_delight"
        }
      },
      "generationAttempts": 64,
      "amountPerChunk": 0.25,
      "enable": true
    },
    "large_oak": {},
    "boulders": {},
    "ivy": {},
    "ruby": {},
    "netherrack_splatter": {},
    "dead_grass": {},
    "sugar_cane": {},
    "berry_bushes": {},
    "lily": {},
    "desertgrass": {}
  },
  "weights": {
    "cold_swamp": 1
  }
}